Nombre Inmobiliaria,logo_inmo,logo_colab
1Crea Bienes Raices,https://images.pulppo.com/property/masterbrokers/64d2c6a12b96a5515fe17b25/pictures/default_1739878155931.png,https://images.pulppo.com/property/masterbrokers/64d2c6a12b96a5515fe17b25/pictures/1739878155931_pulppo.png
5a Avenida Real Estate,https://images.pulppo.com/property/masterbrokers/67d0b94bfee6f2a56e5da601/2025-05-28T23:13:02.837Z.png,https://images.pulppo.com/masterbrokers/67d0b94bfee6f2a56e5da601/2025-05-28T23:13:03.702Z_pulppo.png
Adamá Bienes Raíces,https://images.pulppo.com/property/masterbrokers/65a95864479823b7fe059576/pictures/default_1739878172380.png,https://images.pulppo.com/property/masterbrokers/65a95864479823b7fe059576/pictures/1739878172380_pulppo.png
Althia Real Estate,https://images.pulppo.com/property/masterbrokers/6977aa4b7ac9f9b24dd57d49/2026-02-23T17:00:29.489Z.png,https://images.pulppo.com/masterbrokers/6977aa4b7ac9f9b24dd57d49/2026-02-23T17:00:32.486Z_pulppo.png
Ancona Plus,https://images.pulppo.com/property/masterbrokers/660efe0100a09b3198013d39/pictures/default_1739878203573.png,https://images.pulppo.com/property/masterbrokers/660efe0100a09b3198013d39/pictures/1739878203573_pulppo.png
Andina Real Estate,https://images.pulppo.com/property/masterbrokers/62b4b39abd1764a48e09f01f/2025-11-13T21:58:36.514Z.png,https://images.pulppo.com/masterbrokers/62b4b39abd1764a48e09f01f/2025-11-13T21:58:38.129Z_pulppo.png
Arpa - Arquitectura y Patrimonio,https://images.pulppo.com/property/masterbrokers/66f42e98c777e9e33ec3ca6d/2025-10-21T23:53:20.046Z.png,https://images.pulppo.com/masterbrokers/66f42e98c777e9e33ec3ca6d/2025-10-21T23:53:20.679Z_pulppo.png
Arrendo Properties,https://images.pulppo.com/property/masterbrokers/6669e599dd714deedc2ffa4e/pictures/default_1739878232446.png,https://images.pulppo.com/property/masterbrokers/6669e599dd714deedc2ffa4e/pictures/1739878232446_pulppo.png
Azteca Realtors,https://images.pulppo.com/property/masterbrokers/63ce9b270a946e2c3dd38363/pictures/default_1739878090659.png,https://images.pulppo.com/property/masterbrokers/63ce9b270a946e2c3dd38363/pictures/1739878090659_pulppo.png
B&B LUXE,https://images.pulppo.com/property/masterbrokers/69b0a8887c1e8f0802e92406/2026-05-26T13:47:21.966Z.png,https://images.pulppo.com/masterbrokers/69b0a8887c1e8f0802e92406/2026-05-26T13:47:23.105Z_pulppo.png
BIVO Inmobiliaria,https://images.pulppo.com/property/masterbrokers/68e00f60bea5ddf8baa452f8/2025-12-04T21:27:05.828Z.png,https://images.pulppo.com/masterbrokers/68e00f60bea5ddf8baa452f8/2025-12-04T21:27:07.592Z_pulppo.png
BOS Inmobiliaria,https://images.pulppo.com/property/masterbrokers/6320c091caf4cc1b395c1e4c/pictures/default_1739878068769.png,https://images.pulppo.com/property/masterbrokers/6320c091caf4cc1b395c1e4c/pictures/1739878068769_pulppo.png
BR23,https://images.pulppo.com/property/masterbrokers/67c8b43cfee6f2324b0f81e6/2025-04-04T21:23:11.988Z.png,https://images.pulppo.com/masterbrokers/67c8b43cfee6f2324b0f81e6/2025-04-04T21:23:13.086Z_pulppo.png
Biens Invest,https://images.pulppo.com/property/masterbrokers/683df032e489e61d0a16e3ed/2025-07-10T15:24:40.076Z.png,https://images.pulppo.com/masterbrokers/683df032e489e61d0a16e3ed/2025-07-10T15:24:40.836Z_pulppo.png
Black Brick Real Estate and Investment,https://images.pulppo.com/property/masterbrokers/6938a375b2ec77c60104e55d/2026-02-10T15:46:48.914Z.png,https://images.pulppo.com/masterbrokers/6938a375b2ec77c60104e55d/2026-02-10T15:46:50.282Z_pulppo.png
Bloco Bienes Raices,https://images.pulppo.com/property/masterbrokers/67463e8275237585f4d502f8/pictures/default_1739878353687.png,https://images.pulppo.com/property/masterbrokers/67463e8275237585f4d502f8/pictures/1739878353687_pulppo.png
Broah Espacios,https://images.pulppo.com/property/masterbrokers/6a1df8b1d6c8dc8d6466de05/2026-06-01T21:27:23.707Z.png,https://images.pulppo.com/masterbrokers/6a1df8b1d6c8dc8d6466de05/2026-06-01T21:27:24.722Z_pulppo.png
CC Vision Patrimonial,https://images.pulppo.com/property/masterbrokers/670989b8c777e96fe23f2cbb/pictures/default_1739878313791.png,https://images.pulppo.com/property/masterbrokers/670989b8c777e96fe23f2cbb/pictures/1739878313791_pulppo.png
CENTRO INMOBILIARIO,https://images.pulppo.com/property/masterbrokers/69866be16fb95c1a98f1a7f4/2026-04-13T23:01:48.236Z.png,https://images.pulppo.com/masterbrokers/69866be16fb95c1a98f1a7f4/2026-04-13T23:01:50.485Z_pulppo.png
Caralda Promotora,https://images.pulppo.com/property/masterbrokers/6786bf3ee03bf5396a327f7b/2025-04-01T23:17:55.061Z.png,https://images.pulppo.com/masterbrokers/6786bf3ee03bf5396a327f7b/2025-04-01T23:17:55.911Z_pulppo.png
Casa 7 Real Estate,https://images.pulppo.com/property/masterbrokers/67edafcd61894e8fd7bdcda5/2025-04-16T18:00:17.625Z.png,https://images.pulppo.com/masterbrokers/67edafcd61894e8fd7bdcda5/2025-04-16T18:00:18.307Z_pulppo.png
Casane Properties,https://images.pulppo.com/property/masterbrokers/649083c1c7528092d68c84c4/pictures/default_1739878135640.png,https://images.pulppo.com/property/masterbrokers/649083c1c7528092d68c84c4/pictures/1739878135640_pulppo.png
Cece,https://images.pulppo.com/property/masterbrokers/672513fe47c323666458c961/pictures/default_1739878324732.png,https://images.pulppo.com/property/masterbrokers/672513fe47c323666458c961/pictures/1739878324732_pulppo.png
Circulo Bienes Raices,https://images.pulppo.com/property/masterbrokers/65dfd8c1353bf8b68717ebb3/pictures/default_1739878183434.png,https://images.pulppo.com/property/masterbrokers/65dfd8c1353bf8b68717ebb3/pictures/1739878183434_pulppo.png
Cool Living,https://images.pulppo.com/property/masterbrokers/67194fecc777e9046c7c679a/pictures/default_1739878317611.png,https://images.pulppo.com/property/masterbrokers/67194fecc777e9046c7c679a/pictures/1739878317611_pulppo.png
Covein Bienes Raices,https://images.pulppo.com/property/masterbrokers/6627fa92ee6943476dc3da55/pictures/default_1739878209579.png,https://images.pulppo.com/property/masterbrokers/6627fa92ee6943476dc3da55/pictures/1739878209580_pulppo.png
Degohouse,https://images.pulppo.com/property/masterbrokers/66350a24edd4d7713aae59d8/pictures/default_1739878212257.png,https://images.pulppo.com/property/masterbrokers/66350a24edd4d7713aae59d8/pictures/1739878212257_pulppo.png
Diamond House,https://images.pulppo.com/property/masterbrokers/62bf49012367c77fc24d9220/pictures/default_1739878059637.png,https://images.pulppo.com/property/masterbrokers/62bf49012367c77fc24d9220/pictures/1739878059637_pulppo.png
Dream House Inmobiliaria,https://images.pulppo.com/property/masterbrokers/691390f26f7e82199c780bc8/2026-01-14T21:39:20.443Z.png,https://images.pulppo.com/masterbrokers/691390f26f7e82199c780bc8/2026-01-14T21:39:22.494Z_pulppo.png
Enlace Fehu,https://images.pulppo.com/property/masterbrokers/68e00a56bea5dd3e3bee69d5/2025-10-03T17:39:41.578Z.png,https://images.pulppo.com/masterbrokers/68e00a56bea5dd3e3bee69d5/2025-10-03T17:39:44.538Z_pulppo.png
Faro Inmobiliaria,https://images.pulppo.com/property/masterbrokers/6a3d64aca4142c15eda1cf77/2026-06-25T17:26:08.720Z.png,https://images.pulppo.com/masterbrokers/6a3d64aca4142c15eda1cf77/2026-06-25T17:26:09.374Z_pulppo.png
Finver Inmobiliaria,https://images.pulppo.com/property/masterbrokers/69fa44f7b8ba4ccc7f30c465/2026-06-12T22:56:49.832Z.png,https://images.pulppo.com/masterbrokers/69fa44f7b8ba4ccc7f30c465/2026-06-12T22:56:51.279Z_pulppo.png
Fortanza Inmobiliaria,https://images.pulppo.com/property/masterbrokers/656515ec2d67ceba465940ae/2026-02-17T00:33:17.858Z.png,https://images.pulppo.com/masterbrokers/656515ec2d67ceba465940ae/2026-02-17T00:33:19.930Z_pulppo.png
GLOMAD,https://images.pulppo.com/property/masterbrokers/672ac7227523754e81553e50/pictures/default_1739878332656.png,https://images.pulppo.com/property/masterbrokers/672ac7227523754e81553e50/pictures/1739878332656_pulppo.png
GoDelta,https://images.pulppo.com/property/masterbrokers/6a0fae4bd6c8dc6cec40b2cf/2026-06-22T17:32:35.780Z.png,https://images.pulppo.com/masterbrokers/6a0fae4bd6c8dc6cec40b2cf/2026-06-22T17:32:36.633Z_pulppo.png
Green Properties,https://images.pulppo.com/property/masterbrokers/67a3b42fa629c9b0bc764fd9/2025-04-01T23:21:47.060Z.png,https://images.pulppo.com/masterbrokers/67a3b42fa629c9b0bc764fd9/2025-04-01T23:21:47.795Z_pulppo.png
HENKO Bienes Raíces,https://images.pulppo.com/property/masterbrokers/66cd13a3c777e91e630508ac/pictures/default_1739878286131.png,https://images.pulppo.com/property/masterbrokers/66cd13a3c777e91e630508ac/pictures/1739878286131_pulppo.png
HS Real Estate,https://images.pulppo.com/property/masterbrokers/66aaa9656aab450216d89664/pictures/default_1739878241840.png,https://images.pulppo.com/property/masterbrokers/66aaa9656aab450216d89664/pictures/1739878241840_pulppo.png
HUMUS GRUPO INMOBILIARIO,https://images.pulppo.com/property/masterbrokers/677eeaeef34c4f704211ce84/2025-03-20T01:46:13.533Z.png,https://images.pulppo.com/masterbrokers/677eeaeef34c4f704211ce84/2025-03-20T01:46:14.575Z_pulppo.png
Habitanza,https://images.pulppo.com/property/masterbrokers/6597194f80b7650862102a78/pictures/default_1739878169628.png,https://images.pulppo.com/property/masterbrokers/6597194f80b7650862102a78/pictures/1739878169628_pulppo.png
Habitare Luxury Living,https://images.pulppo.com/property/masterbrokers/62e31301f23a7c95095e5fb1/pictures/default_1739878062723.png,https://images.pulppo.com/property/masterbrokers/62e31301f23a7c95095e5fb1/pictures/1739878062723_pulppo.png
Habix Grupo Inmobiliario,https://images.pulppo.com/property/masterbrokers/6a21c0d400ab8fc166298826/2026-06-04T18:16:16.105Z.png,https://images.pulppo.com/masterbrokers/6a21c0d400ab8fc166298826/2026-06-04T18:16:39.482Z_pulppo.png
Harza Real Estate,https://images.pulppo.com/property/masterbrokers/67de2af363b529e61d6b4224/2025-05-09T15:31:20.810Z.png,https://images.pulppo.com/masterbrokers/67de2af363b529e61d6b4224/2025-05-09T15:31:21.797Z_pulppo.png
Haz Inmobiliaria,https://images.pulppo.com/property/masterbrokers/67c88758fee6f217e67b31ed/2025-04-16T17:59:17.423Z.png,https://images.pulppo.com/masterbrokers/67c88758fee6f217e67b31ed/2025-04-16T17:59:18.449Z_pulppo.png
Hipoo.mx,https://images.pulppo.com/property/masterbrokers/66b39c826aab457bc7ffb2e9/pictures/default_1739878264565.png,https://images.pulppo.com/property/masterbrokers/66b39c826aab457bc7ffb2e9/pictures/1739878264565_pulppo.png
HsVision,https://images.pulppo.com/property/masterbrokers/68a36d0dd9f73cc8562fd4a8/2025-10-23T16:00:58.202Z.png,https://images.pulppo.com/masterbrokers/68a36d0dd9f73cc8562fd4a8/2025-10-23T16:01:00.002Z_pulppo.png
INMONOVA INMOBILIARIA,https://images.pulppo.com/property/masterbrokers/677eb3387faa78ca76b64ffd/2025-04-01T23:20:43.297Z.png,https://images.pulppo.com/masterbrokers/677eb3387faa78ca76b64ffd/2025-04-01T23:20:44.078Z_pulppo.png
INMOShop,https://images.pulppo.com/property/masterbrokers/63ffd6a98c0acb602898647a/pictures/default_1739878114470.png,https://images.pulppo.com/property/masterbrokers/63ffd6a98c0acb602898647a/pictures/1739878114470_pulppo.png
INMOVI,https://images.pulppo.com/property/masterbrokers/69d703e9970e218044f2fb61/2026-05-18T22:54:33.925Z.png,https://images.pulppo.com/masterbrokers/69d703e9970e218044f2fb61/2026-05-18T22:54:35.558Z_pulppo.png
Imagine Inmobiliaria,https://images.pulppo.com/property/masterbrokers/6945bcc35db46f7bfb522240/2026-01-22T16:38:54.065Z.png,https://images.pulppo.com/masterbrokers/6945bcc35db46f7bfb522240/2026-01-22T16:38:56.060Z_pulppo.png
Inmo24,https://images.pulppo.com/property/masterbrokers/672908e947c3235879392d17/2025-03-27T21:36:33.014Z.png,https://images.pulppo.com/masterbrokers/672908e947c3235879392d17/2025-03-27T21:36:33.937Z_pulppo.png
Inmobiliairia Zam,https://images.pulppo.com/property/masterbrokers/6a30410f054e999918a7f940/2026-06-15T18:16:18.749Z.png,https://images.pulppo.com/masterbrokers/6a30410f054e999918a7f940/2026-06-15T18:16:20.012Z_pulppo.png
Inmobiliaria 24Siete,https://images.pulppo.com/property/masterbrokers/6602f2ce1d45a59a3a571a04/pictures/default_1739878200125.png,https://images.pulppo.com/property/masterbrokers/6602f2ce1d45a59a3a571a04/pictures/1739878200125_pulppo.png
Inmobiliaria Demo,https://images.pulppo.com/property/masterbrokers/6318187c85c9c01ba7b3dd57/2026-04-13T15:45:37.806Z.png,https://images.pulppo.com/masterbrokers/6318187c85c9c01ba7b3dd57/2026-04-13T15:45:38.937Z_pulppo.png
Inmuebles proyecta,https://images.pulppo.com/property/masterbrokers/68267322e489e6682f9b5916/2025-08-07T13:31:13.555Z.png,https://images.pulppo.com/masterbrokers/68267322e489e6682f9b5916/2025-08-07T13:31:16.342Z_pulppo.png
KEEPER PROPIEDADES,https://images.pulppo.com/property/masterbrokers/69f92046b8ba4c0637013489/2026-05-04T22:41:47.383Z.png,https://images.pulppo.com/masterbrokers/69f92046b8ba4c0637013489/2026-05-04T22:41:48.831Z_pulppo.png
KMI,https://images.pulppo.com/property/masterbrokers/67367667752375391e24f489/2025-04-04T19:20:20.021Z.png,https://images.pulppo.com/masterbrokers/67367667752375391e24f489/2025-04-04T19:20:21.423Z_pulppo.png
Kaax Real Estate,https://images.pulppo.com/property/masterbrokers/69377504b2ec7769bd797acf/2025-12-30T18:19:57.948Z.png,https://images.pulppo.com/masterbrokers/69377504b2ec7769bd797acf/2025-12-30T18:20:00.241Z_pulppo.png
LA INMOBILIARIA,https://images.pulppo.com/property/masterbrokers/698512a56fb95c6cc43c77af/2026-06-02T18:48:35.759Z.png,https://images.pulppo.com/masterbrokers/698512a56fb95c6cc43c77af/2026-06-02T18:48:38.598Z_pulppo.png
Lumina Real State,https://images.pulppo.com/property/masterbrokers/66fed8b5c777e9203a494b02/pictures/default_1739878306923.png,https://images.pulppo.com/property/masterbrokers/66fed8b5c777e9203a494b02/pictures/1739878306923_pulppo.png
Luxurium Realty,https://images.pulppo.com/property/masterbrokers/6659120c58a6f771ccc16d9c/pictures/default_1739878221027.png,https://images.pulppo.com/property/masterbrokers/6659120c58a6f771ccc16d9c/pictures/1739878221027_pulppo.png
MAP Bienes Raíces,https://images.pulppo.com/property/masterbrokers/6435ee065d12b817ae5b5cde/pictures/default_1739878123460.png,https://images.pulppo.com/property/masterbrokers/6435ee065d12b817ae5b5cde/pictures/1739878123460_pulppo.png
MM Vitanova,https://images.pulppo.com/property/masterbrokers/68e00cbfbea5dd4b28a6aaf9/2025-11-12T13:35:20.436Z.png,https://images.pulppo.com/masterbrokers/68e00cbfbea5dd4b28a6aaf9/2025-11-12T13:35:21.587Z_pulppo.png
MOOBI,https://images.pulppo.com/property/masterbrokers/689354034273b22c71afcee2/2025-08-21T15:18:45.065Z.png,https://images.pulppo.com/masterbrokers/689354034273b22c71afcee2/2025-08-21T15:18:46.544Z_pulppo.png
Malgram International,https://images.pulppo.com/property/masterbrokers/63a1f922880a06231ed8abe5/pictures/default_1739878081922.png,https://images.pulppo.com/property/masterbrokers/63a1f922880a06231ed8abe5/pictures/1739878081922_pulppo.png
Marube Bienes Raíces,https://images.pulppo.com/property/masterbrokers/689e2e55d9f73c6cb38dd53e/2025-10-23T16:02:19.714Z.png,https://images.pulppo.com/masterbrokers/689e2e55d9f73c6cb38dd53e/2025-10-23T16:02:20.715Z_pulppo.png
Match inmobiliario,https://images.pulppo.com/property/masterbrokers/68e98f7a912f82c60f9732b4/2025-11-24T15:43:07.359Z.png,https://images.pulppo.com/masterbrokers/68e98f7a912f82c60f9732b4/1764166958424_pulppo.png
Mel Inmobiliaria,https://images.pulppo.com/property/masterbrokers/65f76fa6cf946f49a78304e8/pictures/default_1739878197417.png,https://images.pulppo.com/property/masterbrokers/65f76fa6cf946f49a78304e8/pictures/1739878197417_pulppo.png
Mercatecnia,https://images.pulppo.com/property/masterbrokers/638f6c1a36a0fc6459556aa6/pictures/default_1739878076203.png,https://images.pulppo.com/property/masterbrokers/638f6c1a36a0fc6459556aa6/pictures/1739878076204_pulppo.png
Monolítica Real Estate,https://images.pulppo.com/property/masterbrokers/68b7255fbea5dd5ab30299ec/2026-04-14T13:53:09.290Z.png,https://images.pulppo.com/masterbrokers/68b7255fbea5dd5ab30299ec/2026-04-14T13:53:10.844Z_pulppo.png
Monroy Properties Real Estate,https://images.pulppo.com/property/masterbrokers/68ba2a2ebea5dda98774b2ae/2025-10-09T15:09:23.480Z.png,https://images.pulppo.com/masterbrokers/68ba2a2ebea5dda98774b2ae/2025-10-09T15:09:26.169Z_pulppo.png
Mood inmobiliario,https://images.pulppo.com/property/masterbrokers/66624e1258a6f7503c249a47/pictures/default_1739878226718.png,https://images.pulppo.com/property/masterbrokers/66624e1258a6f7503c249a47/pictures/1739878226718_pulppo.png
Morare,https://images.pulppo.com/property/masterbrokers/67d0b3f7fee6f275f8ad9178/2025-04-14T22:03:59.965Z.png,https://images.pulppo.com/masterbrokers/67d0b3f7fee6f275f8ad9178/2025-04-14T22:04:00.759Z_pulppo.png
NURA,https://images.pulppo.com/property/masterbrokers/69ea8f6d35a3ebb3a075d405/2026-05-11T21:34:42.813Z.png,https://images.pulppo.com/masterbrokers/69ea8f6d35a3ebb3a075d405/2026-05-11T21:34:44.544Z_pulppo.png
ORSA inmobiliaria,https://images.pulppo.com/property/masterbrokers/68d55bf3bea5dd4039ee03ce/2026-06-04T19:51:46.341Z.png,https://images.pulppo.com/masterbrokers/68d55bf3bea5dd4039ee03ce/2026-06-04T19:51:48.341Z_pulppo.png
OV Bienes Raices,https://images.pulppo.com/property/masterbrokers/69fb7cc7b8ba4cf84f3eb54c/2026-05-06T17:39:30.779Z.png,https://images.pulppo.com/masterbrokers/69fb7cc7b8ba4cf84f3eb54c/2026-05-06T17:39:32.923Z_pulppo.png
Octavia,https://images.pulppo.com/property/masterbrokers/6a21c3d400ab8f8a3843780a/2026-06-05T16:04:56.998Z.png,https://images.pulppo.com/masterbrokers/6a21c3d400ab8f8a3843780a/2026-06-05T16:04:58.069Z_pulppo.png
Opcion Inmobiliaria,https://images.pulppo.com/property/masterbrokers/6675b879dd714d44dd82c8e4/pictures/default_1739878235453.png,https://images.pulppo.com/property/masterbrokers/6675b879dd714d44dd82c8e4/pictures/1739878235453_pulppo.png
Oras Bienes Raices,https://images.pulppo.com/property/masterbrokers/6938b249b2ec77c60104e563/2026-01-26T19:01:50.410Z.png,https://images.pulppo.com/masterbrokers/6938b249b2ec77c60104e563/2026-01-26T19:01:52.499Z_pulppo.png
Patrón Costas y Asociados,https://images.pulppo.com/property/masterbrokers/65f0919a8e249b6fdf5b786a/pictures/default_1739878194823.png,https://images.pulppo.com/property/masterbrokers/65f0919a8e249b6fdf5b786a/pictures/1739878194823_pulppo.png
Ponton Asesores,https://images.pulppo.com/property/masterbrokers/6830e557e489e699f4e89a10/2025-06-26T20:22:53.434Z.png,https://images.pulppo.com/masterbrokers/6830e557e489e699f4e89a10/2025-06-26T20:22:54.958Z_pulppo.png
Property Match,https://images.pulppo.com/property/masterbrokers/65bc124398aa377cf047bb33/pictures/default_1739878175028.png,https://images.pulppo.com/property/masterbrokers/65bc124398aa377cf047bb33/pictures/1739878175028_pulppo.png
Proyecto,https://images.pulppo.com/property/masterbrokers/6667739458a6f7defbe2c32e/pictures/default_1739878229674.png,https://images.pulppo.com/property/masterbrokers/6667739458a6f7defbe2c32e/pictures/1739878229674_pulppo.png
Q Inmobiliaria,https://images.pulppo.com/property/masterbrokers/6a0e28f65f92b9010a7c0fd5/2026-06-22T18:25:19.100Z.png,https://images.pulppo.com/masterbrokers/6a0e28f65f92b9010a7c0fd5/2026-06-22T18:25:19.940Z_pulppo.png
Quatre Bienes Raices,https://images.pulppo.com/property/masterbrokers/697a1dc06fb95c9ee6b9d22e/2026-03-02T17:46:07.551Z.png,https://images.pulppo.com/masterbrokers/697a1dc06fb95c9ee6b9d22e/2026-03-02T17:46:12.035Z_pulppo.png
Reset Living,https://images.pulppo.com/property/masterbrokers/6967df4a0df116326c879780/2026-02-16T17:20:20.168Z.png,https://images.pulppo.com/masterbrokers/6967df4a0df116326c879780/2026-02-16T17:20:22.618Z_pulppo.png
Ricoy Bienes Raíces,https://images.pulppo.com/property/masterbrokers/665e058b58a6f726806c9b25/pictures/default_1739878223886.png,https://images.pulppo.com/property/masterbrokers/665e058b58a6f726806c9b25/pictures/1739878223886_pulppo.png
Rocha Inmobiliaria,https://images.pulppo.com/property/masterbrokers/66bfe44bb95ba5b53b56286b/pictures/default_1739878280774.png,https://images.pulppo.com/property/masterbrokers/66bfe44bb95ba5b53b56286b/pictures/1739878280774_pulppo.png
Rubí Inmobiliaria,https://images.pulppo.com/property/masterbrokers/6823b145e489e605026d5a92/2025-06-26T20:25:05.147Z.png,https://images.pulppo.com/masterbrokers/6823b145e489e605026d5a92/2025-06-26T20:25:05.876Z_pulppo.png
SOSO INMOBILIARIA,https://images.pulppo.com/property/masterbrokers/6819479028b0263f716baeb9/2026-02-24T17:16:52.725Z.png,https://images.pulppo.com/masterbrokers/6819479028b0263f716baeb9/2026-02-24T17:16:55.040Z_pulppo.png
SS Propiedades,https://images.pulppo.com/property/masterbrokers/667b16c2dd714d0d31b5bc57/pictures/default_1739878238303.png,https://images.pulppo.com/property/masterbrokers/667b16c2dd714d0d31b5bc57/pictures/1739878238303_pulppo.png
Scala Hauss,https://images.pulppo.com/property/masterbrokers/69f26c76b8ba4c2f3b0e60ff/2026-06-02T18:50:21.070Z.png,https://images.pulppo.com/masterbrokers/69f26c76b8ba4c2f3b0e60ff/2026-06-02T18:50:24.671Z_pulppo.png
Seeker Studio Real Estate,https://images.pulppo.com/property/masterbrokers/67c66840fee6f2045850f8f8/2025-04-15T19:04:12.021Z.png,https://images.pulppo.com/masterbrokers/67c66840fee6f2045850f8f8/2025-04-15T19:04:12.603Z_pulppo.png
T-Ubika Real Estate,https://images.pulppo.com/property/masterbrokers/65e5e975d399c7232394c8ce/pictures/default_1739878189338.png,https://images.pulppo.com/property/masterbrokers/65e5e975d399c7232394c8ce/pictures/1739878189338_pulppo.png
Talavera Real Estate,https://images.pulppo.com/property/masterbrokers/686d8fca4273b270b80e8ece/2025-08-27T15:08:54.275Z.png,https://images.pulppo.com/masterbrokers/686d8fca4273b270b80e8ece/2025-08-27T15:08:55.599Z_pulppo.png
Testing Inmo,https://images.pulppo.com/property/masterbrokers/63fd01395a2d337448ac880c/pictures/default_1739878096307.png,https://images.pulppo.com/property/masterbrokers/63fd01395a2d337448ac880c/pictures/1739878096307_pulppo.png
Todo en Bienes Raices,https://images.pulppo.com/property/masterbrokers/66e48b8dc777e9d870016c17/pictures/default_1739878292915.png,https://images.pulppo.com/property/masterbrokers/66e48b8dc777e9d870016c17/pictures/1739878292915_pulppo.png
Top Ten Property,https://images.pulppo.com/property/masterbrokers/69f3f707b8ba4ccf1743ce29/2026-05-01T00:42:57.036Z.png,https://images.pulppo.com/masterbrokers/69f3f707b8ba4ccf1743ce29/2026-05-01T00:42:58.430Z_pulppo.png
Turesi,https://images.pulppo.com/property/masterbrokers/65cf909d5692aba88c2165d0/pictures/default_1739878177633.png,https://images.pulppo.com/property/masterbrokers/65cf909d5692aba88c2165d0/pictures/1739878177633_pulppo.png
VALENTINOS HOME SA DE CV,https://images.pulppo.com/property/masterbrokers/6925de6f6f7e82833623a28b/2025-12-30T18:15:40.667Z.png,https://images.pulppo.com/masterbrokers/6925de6f6f7e82833623a28b/2025-12-30T18:15:42.190Z_pulppo.png
Vamos a Vender,https://images.pulppo.com/property/masterbrokers/66b249c56aab454cca7be6b7/pictures/default_1739878260803.png,https://images.pulppo.com/property/masterbrokers/66b249c56aab454cca7be6b7/pictures/1739878260803_pulppo.png
Vive Capital BR,https://images.pulppo.com/property/masterbrokers/68800c294273b2fc27f1eaa9/2025-09-02T16:42:02.339Z.png,https://images.pulppo.com/masterbrokers/68800c294273b2fc27f1eaa9/2025-09-02T16:42:03.641Z_pulppo.png
Vive Chic Real Estate,https://images.pulppo.com/property/masterbrokers/6363f06e3bdb61dd3178be5d/pictures/default_1739878073141.png,https://images.pulppo.com/property/masterbrokers/6363f06e3bdb61dd3178be5d/pictures/1739878073141_pulppo.png
WU REALESTATE,https://images.pulppo.com/property/masterbrokers/6a21aa38d6c8dcc9128542eb/2026-06-04T16:39:24.824Z.png,https://images.pulppo.com/masterbrokers/6a21aa38d6c8dcc9128542eb/2026-06-04T16:39:25.781Z_pulppo.png
We Book Realty,https://images.pulppo.com/property/masterbrokers/67d0b410ec0e52454721079f/2025-04-14T21:55:13.152Z.png,https://images.pulppo.com/masterbrokers/67d0b410ec0e52454721079f/2025-04-14T21:55:14.158Z_pulppo.png
ZGM Consultores Inmobiliarios,https://images.pulppo.com/property/masterbrokers/6a3af9caa4142ce5b8aed101/2026-06-23T21:26:15.855Z.png,https://images.pulppo.com/masterbrokers/6a3af9caa4142ce5b8aed101/2026-06-23T21:26:16.906Z_pulppo.png
Zam Inmobiliaria,https://images.pulppo.com/property/masterbrokers/66bd43d06aab4569614b7f24/pictures/default_1739878273730.png,https://images.pulppo.com/property/masterbrokers/66bd43d06aab4569614b7f24/pictures/1739878273730_pulppo.png
iElement inmobiliaria,https://images.pulppo.com/property/masterbrokers/64517c29ac149c72272a8d51/pictures/default_1739878128862.png,https://images.pulppo.com/property/masterbrokers/64517c29ac149c72272a8d51/pictures/1739878128862_pulppo.png