ID,Name
67d0b94bfee6f2a56e5da601,5a Avenida Real Estate
62b4b39abd1764a48e09f01f,Andina Real Estate
66f42e98c777e9e33ec3ca6d,Arpa - Arquitectura y Patrimonio
67463e8275237585f4d502f8,Bloco Bienes Raices
649083c1c7528092d68c84c4,Casane Properties
6627fa92ee6943476dc3da55,Covein Bienes Raices
66350a24edd4d7713aae59d8,Degohouse
62bf49012367c77fc24d9220,Diamond House
69fa44f7b8ba4ccc7f30c465,Finver Inmobiliaria
656515ec2d67ceba465940ae,Fortanza Inmobiliaria
6a0fae4bd6c8dc6cec40b2cf,GoDelta
66cd13a3c777e91e630508ac,HENKO Bienes Raíces
6597194f80b7650862102a78,Habitanza
62e31301f23a7c95095e5fb1,Habitare Luxury Living
67de2af363b529e61d6b4224,Harza Real Estate
67c88758fee6f217e67b31ed,Haz Inmobiliaria
68a36d0dd9f73cc8562fd4a8,HsVision
63ffd6a98c0acb602898647a,INMOShop
6602f2ce1d45a59a3a571a04,Inmobiliaria 24Siete
69377504b2ec7769bd797acf,Kaax Real Estate
6659120c58a6f771ccc16d9c,Luxurium Realty
68e00cbfbea5dd4b28a6aaf9,MM Vitanova
63a1f922880a06231ed8abe5,Malgram International
638f6c1a36a0fc6459556aa6,Mercatecnia
68ba2a2ebea5dda98774b2ae,Monroy Properties Real Estate
66624e1258a6f7503c249a47,Mood inmobiliario
67d0b3f7fee6f275f8ad9178,Morare
6675b879dd714d44dd82c8e4,Opcion Inmobiliaria
6667739458a6f7defbe2c32e,Proyecto
697a1dc06fb95c9ee6b9d22e,Quatre Bienes Raices
6967df4a0df116326c879780,Reset Living
665e058b58a6f726806c9b25,Ricoy Bienes Raíces
6823b145e489e605026d5a92,Rubí Inmobiliaria
6925de6f6f7e82833623a28b,VALENTINOS HOME SA DE CV
66b249c56aab454cca7be6b7,Vamos a Vender
68800c294273b2fc27f1eaa9,Vive Capital BR
64517c29ac149c72272a8d51,iElement inmobiliaria
